"image","xmin","ymin","xmax","ymax","label"
"T1B_190701_WB4_LP3_4.3.JPG",757.3529411764706,135.35216718266255,1159.2976006191952,511.60990712074306,"brown"
"T1B_190701_WB4_LP3_4.3.JPG",1419.4320820433438,203.24593653250776,1800.357972136223,576.2142027863778,"brown"
"T1B_190701_WB4_LP3_4.3.JPG",235.70530185758517,213.40460526315792,763.2304566563467,550.8417182662539,"brown"
"T1B_190701_WB4_LP3_4.3.JPG",14.971942724458206,38.38525541795666,303.2120743034056,544.7465170278638,"brown"
"T1B_190701_WB4_LP3_4.3.JPG",1035.8214009287926,1328.560371517028,1269.4465944272447,1668.0534055727555,"brown"
"T1B_190701_WB4_LP3_4.3.JPG",1549.608165634675,1251.9833591331271,1870.089976780186,1585.1876934984523,"brown"
"T1B_190701_WB4_LP3_4.3.JPG",6.337074303405573,2825.6337074303406,362.30166408668737,3398.244001547988,"brown"
"T1B_190701_WB4_LP3_4.3.JPG",190.95878482972137,2319.562693498452,546.6089396284831,2544.1660216718265,"brown"
"T1B_190701_WB4_LP3_4.3.JPG",1275.735294117647,2366.1716331269354,1578.608746130031,2691.152283281734,"brown"
"T1B_190701_WB4_LP3_4.3.JPG",1450.7062693498456,1616.9698142414861,1938.0804953560375,2210.5263157894738,"debris"
"T1B_190701_WB4_LP3_4.3.JPG",1450.7062693498456,1616.9698142414861,1938.0804953560375,2210.5263157894738,"brown"
"T1B_190701_WB4_LP3_4.3.JPG",1547.0201238390093,656.5886222910217,1852.9411764705883,929.7116873065015,"brown"
"T1B_190701_WB4_LP3_4.3.JPG",1471.8943498452013,2795.181888544892,1847.281346749226,2983.5526315789475,"brown"
"T1B_190701_WB4_LP3_4.3.JPG",2624.0808823529414,2325.8997678018577,2909.0799148606816,2768.7451625387,"brown"
"T1B_190701_WB4_LP3_4.3.JPG",2491.6311919504647,1787.780572755418,2901.3641640866877,2192.797020123839,"brown"
"T1B_190701_WB4_LP3_4.3.JPG",2626.886609907121,1307.469040247678,3079.745549535604,1828.4878095975232,"brown"
"T1B_190701_WB4_LP3_4.3.JPG",3005.46633126935,1404.0247678018577,3500.338622291022,1881.433823529412,"brown"
"T1B_190701_WB4_LP3_4.3.JPG",2957.212654798762,677.4622678018576,3465.8475232198143,1122.0249613003098,"brown"
"T1B_190701_WB4_LP3_4.3.JPG",3006.2403250773996,361.4309210526316,3369.5336687306503,639.4640092879258,"brown"
"T1B_190701_WB4_LP3_4.3.JPG",3678.260448916409,896.623452012384,4095.9994195046443,1359.278250773994,"brown"
"T1B_190701_WB4_LP3_4.3.JPG",4146.163893188855,621.2267801857586,4501.644736842106,1012.4322755417958,"brown"
"T1B_190701_WB4_LP3_4.3.JPG",4683.388157894738,856.0855263157895,5196.981424148607,1349.21633126935,"brown"
"T1B_190701_WB4_LP3_4.3.JPG",4946.836300309598,1682.7351006191952,5343.653250773995,1931.4047987616102,"brown"
"T1B_190701_WB4_LP3_4.3.JPG",4402.573529411765,2083.3494582043345,4780.451818885449,2435.952012383901,"brown"
"T1B_190701_WB4_LP3_4.3.JPG",3602.2639318885454,1835.1151315789475,4077.834752321982,2225.5950077399384,"brown"
"T1B_190701_WB4_LP3_4.3.JPG",4411.353521671827,2920.5688854489167,4904.605263157896,3261.368034055728,"brown"
"T1B_190701_WB4_LP3_4.3.JPG",3176.3980263157896,1985.5843653250774,3661.0390866873067,2538.046633126935,"brown"
"T1B_190701_WB4_LP3_4.3.JPG",3344.669117647059,2345.370549535604,3861.6727941176473,2633.683243034056,"brown"
"T1B_190701_WB4_LP3_4.3.JPG",4808.823529411765,1959.8006965944273,5293.972523219814,2232.778637770898,"brown"
"T1B_190701_WB4_LP3_4.3.JPG",5500.798181114552,1446.0864938080497,6000.000000000001,1827.1333204334367,"brown"
"T1B_190701_WB4_LP3_4.3.JPG",2519.8819659442725,3099.0953947368425,3036.5712074303406,3453.3426857585146,"brown"
"T1B_190701_WB4_LP3_4.3.JPG",1949.5210913312694,3728.0137383900933,2440.8136609907124,3989.696207430341,"brown"
"T1B_190701_WB4_LP3_4.3.JPG",3491.6311919504647,3198.4326625387,3776.0497291021675,3371.637964396285,"brown"
"T1B_190701_WB4_LP3_4.3.JPG",3706.9949690402477,3236.7211687306503,4039.5704334365328,3684.2589009287926,"brown"
"T1B_190701_WB4_LP3_4.3.JPG",4404.36339009288,3510.7391640866877,4969.330495356038,3998.911571207431,"brown"
"T1B_190701_WB4_LP3_4.3.JPG",5075.536958204335,3151.9446594427245,5652.33165634675,3720.684984520124,"brown"
"T1B_190701_WB4_LP3_4.3.JPG",3968.024380804954,2453.6571207430343,4292.472910216718,3028.9763931888547,"brown"
"T1B_190701_WB4_LP3_4.3.JPG",4167.859907120744,2266.592492260062,4386.3680340557285,2473.466524767802,"corraline"
"T1B_190701_WB4_LP3_4.3.JPG",1580.9549148606811,2244.0499226006195,1832.6480263157896,2463.211106811146,"corraline"
"T1B_190701_WB4_LP3_4.3.JPG",2018.7451625386998,957.2368421052632,2380.9258900928794,1337.65479876161,"brown"
"T1B_190701_WB4_LP3_4.3.JPG",2368.469427244582,9.868421052631579,2754.232778637771,493.00986842105266,"brown"
"T1B_190701_WB4_LP3_4.3.JPG",4416.916602167183,110.6811145510836,4782.894736842105,532.749613003096,"brown"
"T1B_190701_WB4_LP3_4.3.JPG",4763.641640866874,95.58823529411765,4988.89802631579,470.53986068111453,"brown"
"T1B_190701_WB4_LP3_4.3.JPG",4100.546633126935,1095.1044891640868,4522.155572755419,1450.3192724458206,"brown"
"T1B_190701_WB4_LP3_4.3.JPG",2034.8780959752323,1223.8051470588236,2521.986261609907,1682.7834752321983,"brown"
"T1B_190701_WB4_LP3_4.3.JPG",4986.309984520124,2210.139318885449,5336.590557275542,2607.6577012383905,"brown"
"T1B_190701_WB4_LP3_4.3.JPG",4603.400735294118,1471.531540247678,4972.668343653251,1740.2525154798764,"brown"
"T1B_190701_WB4_LP3_4.3.JPG",5241.24419504644,779.7503869969041,5483.576818885449,1259.6991099071208,"brown"
"T1B_190701_WB4_LP3_4.3.JPG",5260.158668730651,2388.0369582043345,5613.535216718267,2868.953173374613,"brown"
"T1B_190701_WB4_LP3_4.4.JPG",562.5483746130031,132.54643962848297,867.1149380804954,368.08243034055727,"brown"
"T1B_190701_WB4_LP3_4.4.JPG",1516.3022445820434,342.4922600619195,1780.8388157894738,580.7856037151703,"brown"
"T1B_190701_WB4_LP3_4.4.JPG",495.3560371517028,1204.4794891640868,788.9415634674923,1659.8297213622293,"brown"
"T1B_190701_WB4_LP3_4.4.JPG",881.8691950464397,1537.7080108359135,1246.1784055727555,1710.7440015479879,"brown"
"T1B_190701_WB4_LP3_4.4.JPG",1307.2271671826627,1760.4247291021672,1572.9005417956657,2092.8792569659445,"brown"
"T1B_190701_WB4_LP3_4.4.JPG",1497.3635835913315,2117.090750773994,1697.1265479876163,2424.1727941176473,"brown"
"T1B_190701_WB4_LP3_4.4.JPG",2289.4494969040247,1729.029605263158,2740.059017027864,2176.905959752322,"brown"
"T1B_190701_WB4_LP3_4.4.JPG",2096.579914860681,1310.2747678018577,2586.5663699690404,1636.5373452012386,"brown"
"T1B_190701_WB4_LP3_4.4.JPG",1750.1209365325078,396.40576625387,2078.5119969040247,906.9514318885449,"brown"
"T1B_190701_WB4_LP3_4.4.JPG",1928.7441950464397,766.157120743034,2339.5414086687306,1019.156346749226,"brown"
"T1B_190701_WB4_LP3_4.4.JPG",2642.8744195046443,150.13061145510838,3057.880224458205,672.1168730650155,"brown"
"T1B_190701_WB4_LP3_4.4.JPG",3343.556501547988,159.24922600619198,3510.9568498452013,378.5071594427245,"brown"
"T1B_190701_WB4_LP3_4.4.JPG",4383.925116099072,4.861648606811146,4721.071981424149,239.52689628482975,"brown"
"T1B_190701_WB4_LP3_4.4.JPG",5018.600038699691,243.0824303405573,5287.683823529413,743.1791795665636,"brown"
"T1B_190701_WB4_LP3_4.4.JPG",4293.319465944272,611.2857972136223,4732.899574303406,924.9226006191951,"brown"
"T1B_190701_WB4_LP3_4.4.JPG",4340.823335913313,1090.8717105263158,4613.559404024768,1448.9164086687306,"brown"
"T1B_190701_WB4_LP3_4.4.JPG",4074.230843653251,1523.0263157894738,4634.553986068112,1815.9587848297215,"brown"
"T1B_190701_WB4_LP3_4.4.JPG",3605.2873452012386,1273.4616873065017,3920.834945820434,1650.4450464396286,"brown"
"T1B_190701_WB4_LP3_4.4.JPG",3324.400154798762,1927.0510835913315,3904.411764705883,2304.010255417957,"brown"
"T1B_190701_WB4_LP3_4.4.JPG",3164.9574303405575,1600.8368808049536,3530.548568111455,2135.0861068111453,"brown"
"T1B_190701_WB4_LP3_4.4.JPG",2664.6429953560373,1644.2772832817338,3277.234907120743,1961.5663699690404,"brown"
"T1B_190701_WB4_LP3_4.4.JPG",2828.028250773994,1931.5015479876163,3252.950851393189,2313.6609907120746,"brown"
"T1B_190701_WB4_LP3_4.4.JPG",3039.618808049536,2261.0052244582043,3371.0816563467497,2910.676277089783,"brown"
"T1B_190701_WB4_LP3_4.4.JPG",2959.8006965944273,2833.228521671827,3236.8662925696594,3188.419117647059,"brown"
"T1B_190701_WB4_LP3_4.4.JPG",4305.872678018576,2249.7339396284833,4699.7629643962855,2708.0592105263163,"brown"
"T1B_190701_WB4_LP3_4.4.JPG",4715.4363390092885,2724.264705882353,4905.93556501548,3048.2294891640868,"brown"
"T1B_190701_WB4_LP3_4.4.JPG",4859.713622291022,2510.6666021671826,5361.164860681115,2703.9473684210525,"brown"
"T1B_190701_WB4_LP3_4.4.JPG",4965.94427244582,2161.71633126935,5170.78657120743,2483.794504643963,"brown"
"T1B_190701_WB4_LP3_4.4.JPG",4697.199109907121,1487.6886609907122,5127.467105263158,1857.4883900928794,"brown"
"T1B_190701_WB4_LP3_4.4.JPG",4879.716524767802,919.8916408668731,5403.081462848298,1528.6619582043345,"brown"
"T1B_190701_WB4_LP3_4.4.JPG",5549.414667182663,740.1315789473684,6000,1148.0746904024768,"brown"
"T1B_190701_WB4_LP3_4.4.JPG",5536.063273993808,1598.6842105263158,5959.728134674923,1879.0392801857586,"brown"
"T1B_190701_WB4_LP3_4.4.JPG",5320.094814241487,2080.2292956656347,5741.050696594429,2594.4272445820434,"brown"
"T1B_190701_WB4_LP3_4.4.JPG",5429.131191950465,2589.0576625387,5779.484326625387,2966.7666408668733,"brown"
"T1B_190701_WB4_LP3_4.4.JPG",5778.6861455108365,2260.279605263158,5903.105650154799,2494.751354489164,"brown"
"T1B_190701_WB4_LP3_4.4.JPG",1521.5267027863779,2634.094427244582,2002.7089783281735,2937.6934984520126,"brown"
"T1B_190701_WB4_LP3_4.4.JPG",2388.012770897833,2354.5859133126937,2713.3320433436534,2767.753482972136,"brown"
"T1B_190701_WB4_LP3_4.4.JPG",945.6753095975233,2442.095588235294,1203.6329334365328,2916.384481424149,"brown"
"T1B_190701_WB4_LP3_4.4.JPG",1820.3608746130033,2482.3916408668733,2132.5464396284833,2867.6954334365328,"brown"
"T1B_190701_WB4_LP3_4.4.JPG",237.90634674922603,1854.0779798761612,698.3601006191951,2161.8856424148607,"brown"
"T1B_190701_WB4_LP3_4.4.JPG",1183.4123452012384,746.8798374613003,1476.9494969040247,1337.6789860681115,"brown"
"T1B_190701_WB4_LP3_4.4.JPG",1615.373452012384,904.919698142415,2180.122871517028,1234.5201238390096,"brown"
"T1B_190701_WB4_LP3_4.4.JPG",1366.3651315789475,1312.886996904025,1916.7231037151705,1643.8660990712076,"brown"
"T1B_190701_WB4_LP3_4.4.JPG",3910.797213622291,2931.9127321981427,4426.543150154799,3282.6528637770903,"brown"
"T1B_190701_WB4_LP3_4.4.JPG",3835.5988777089788,3331.656346749226,4423.6406733746135,3612.9789086687306,"brown"
"T1B_190701_WB4_LP3_4.4.JPG",736.4792956656347,2982.0530185758516,1235.8020510835913,3476.4415634674924,"brown"
"T1B_190701_WB4_LP3_4.4.JPG",3147.1555727554182,3826.1416408668733,3533.74129256966,4000.0000000000005,"brown"
"T1B_190701_WB4_LP3_4.4.JPG",4971.8701625387,3191.998839009288,5304.953560371518,3606.158088235294,"brown"
"T1B_190701_WB4_LP3_4.4.JPG",3743.227554179567,313.37074303405575,4056.428986068112,815.5717879256966,"brown"
"T1B_190701_WB4_LP3_4.4.JPG",428.67163312693503,3457.793150154799,925.890092879257,3829.4553018575857,"brown"
"T1B_190701_WB4_LP3_4.4.JPG",3500.9433049535605,2645.2447755417957,3665.8039860681115,3163.4336300309596,"tunicate"
"T1B_190701_WB4_LP3_4.4.JPG",2138.3513931888547,382.8366873065016,2324.9564628482976,607.8753869969041,"tunicate"
"T1B_190701_WB4_LP3_4.4.JPG",1061.8469427244584,3638.617453560372,1384.433049535604,3993.27592879257,"brown"
"T1B_190701_WB4_LP3_4.2.JPG",966.186145510836,1028.0814628482972,1602.9653637770898,1525.904605263158,"brown"
"T1B_190701_WB4_LP3_4.2.JPG",1716.935952012384,1646.7927631578948,1989.1882739938083,2116.4135061919505,"brown"
"T1B_190701_WB4_LP3_4.2.JPG",2016.0361842105265,1701.0207043343655,2213.815789473684,2159.4669117647063,"brown"
"T1B_190701_WB4_LP3_4.2.JPG",3185.3231424148607,1638.012770897833,3682.251354489164,2143.6484133126937,"brown"
"T1B_190701_WB4_LP3_4.2.JPG",2522.3006965944273,1862.374226006192,2789.9090557275545,2371.952399380805,"brown"
"T1B_190701_WB4_LP3_4.2.JPG",2491.6795665634677,1467.9760061919505,2869.6304179566564,1636.1261609907122,"brown"
"T1B_190701_WB4_LP3_4.2.JPG",2359.979682662539,1187.451625386997,2754.136029411765,1458.6880804953562,"brown"
"T1B_190701_WB4_LP3_4.2.JPG",2176.978521671827,727.3606811145511,2665.852360681115,1158.3059210526317,"brown"
"T1B_190701_WB4_LP3_4.2.JPG",2655.403444272446,574.1340944272446,3253.700657894737,1139.1495743034056,"brown"
"T1B_190701_WB4_LP3_4.2.JPG",3668.7064628482976,1400.3724845201239,4251.281927244582,1900.6143575851393,"brown"
"T1B_190701_WB4_LP3_4.2.JPG",5508.58649380805,1492.8163699690404,5995.476973684212,1848.5390866873067,"brown"
"T1B_190701_WB4_LP3_4.2.JPG",4834.945820433437,1539.5220588235295,5287.006578947369,1844.5239938080497,"brown"
"T1B_190701_WB4_LP3_4.2.JPG",4049.7049148606816,2372.5570820433436,4456.801470588236,2660.2892801857583,"brown"
"T1B_190701_WB4_LP3_4.2.JPG",4860.028057275542,3158.1607972136226,5359.882933436533,3510.8842879256968,"brown"
"T1B_190701_WB4_LP3_4.2.JPG",4602.65092879257,3437.4274380804954,5022.203947368422,3816.6118421052633,"brown"
"T1B_190701_WB4_LP3_4.2.JPG",4225.062886996904,3112.9547213622295,4586.010061919505,3411.837267801858,"brown"
"T1B_190701_WB4_LP3_4.2.JPG",4533.402670278638,3033.378482972136,4775.614357585139,3278.9763931888547,"brown"
"T1B_190701_WB4_LP3_4.2.JPG",5066.853715170279,2315.402476780186,5302.48645510836,2824.182469040248,"brown"
"T1B_190701_WB4_LP3_4.2.JPG",5336.421246130031,2579.9874226006195,5534.587848297214,2852.0220588235297,"corraline"
"T1B_190701_WB4_LP3_4.2.JPG",5362.132352941177,2234.8829334365328,5912.127515479876,2493.59036377709,"brown"
"T1B_190701_WB4_LP3_4.2.JPG",4731.230650154799,561.1696981424149,5017.003676470588,1029.21826625387,"brown"
"T1B_190701_WB4_LP3_4.2.JPG",2061.605069659443,2547.237809597523,2485.656927244582,2869.315982972136,"brown"
"T1B_190701_WB4_LP3_4.2.JPG",953.8264318885449,2323.9405959752326,1326.310952012384,2860.6811145510837,"brown"
"T1B_190701_WB4_LP3_4.2.JPG",448.1666021671827,2291.892414860681,888.0369582043345,2933.218846749226,"brown"
"T1B_190701_WB4_LP3_4.2.JPG",699.8597136222911,1660.9423374613004,1248.137577399381,2000.7498065015482,"brown"
"T1B_190701_WB4_LP3_4.2.JPG",3031.274187306502,3227.3123065015484,3340.6298374613007,3604.6826625387002,"brown"
"T1B_190701_WB4_LP3_4.2.JPG",3309.3798374613007,3444.151509287926,3833.5187693498456,3905.0648219814243,"brown"
"T1B_190701_WB4_LP3_4.2.JPG",1669.891640866873,2969.52399380805,2015.2380030959753,3283.644543343654,"brown"
"T1B_190701_WB4_LP3_4.2.JPG",2385.448916408669,3506.433823529412,2840.121904024768,4000.0000000000005,"brown"
"T1B_190701_WB4_LP3_4.2.JPG",3030.0648219814243,2240.736261609907,3484.5684984520126,2710.9375,"brown"
"T1B_190701_WB4_LP3_4.2.JPG",3833.6155185758516,2668.8032120743037,4201.964009287926,3000.7498065015484,"brown"
"T1B_190701_WB4_LP3_4.2.JPG",4401.219040247678,499.75812693498455,4789.255998452012,1005.4905185758514,"brown"
"T1B_190701_WB4_LP3_4.2.JPG",5262.33552631579,737.2532894736843,5492.598684210527,1120.6946594427245,"brown"
"T1B_190701_WB4_LP3_4.2.JPG",5575.972329721362,703.342685758514,5902.912151702786,1028.202399380805,"brown"
"T1B_190701_WB4_LP3_4.2.JPG",1100.7401315789475,636.5857198142415,1345.8059210526317,905.234133126935,"corraline"
"T1B_190701_WB4_LP3_4.2.JPG",480.6743421052632,951.1416408668731,714.2511609907122,1182.2271671826625,"corraline"
"T1B_190701_WB4_LP3_4.2.JPG",1698.094040247678,463.1143575851394,2106.545085139319,956.5354102167183,"brown"
"T1B_190701_WB4_LP3_4.2.JPG",2047.213622291022,64.82198142414862,2344.935178018576,520.8010835913313,"brown"
"T1B_190701_WB4_LP3_4.2.JPG",2958.2043343653254,9.50561145510836,3340.194465944273,394.3256578947369,"brown"
"T1B_190701_WB4_LP3_4.2.JPG",3387.4564628482976,282.84636222910217,3868.3484907120746,705.7372291021672,"brown"
"T1B_190701_WB4_LP3_4.2.JPG",3299.8500386996907,879.764899380805,4100.111261609907,1301.7850232198143,"brown"
"T1B_190701_WB4_LP3_4.2.JPG",5435.758513931889,1186.919504643963,5683.3397832817345,1398.5100619195048,"brown"
"T1B_190701_WB4_LP3_4.2.JPG",5169.432082043344,1771.0429566563469,5445.77205882353,2130.1277089783284,"brown"
"T1B_190701_WB4_LP3_4.2.JPG",2628.7248452012386,2561.9920665634677,3021.5025154798764,3084.2202012383905,"brown"
"T1B_190701_WB4_LP3_4.2.JPG",831.9949690402477,3154.5327012383905,1296.173568111455,3655.1857585139323,"brown"
"T1B_190701_WB4_LP3_4.2.JPG",1383.344620743034,2366.0023219814243,1813.781927244582,2933.484907120743,"brown"
"T1B_190701_WB4_LP3_4.2.JPG",380.75657894736844,91.4763931888545,746.2509674922601,445.7478715170279,"brown"
"T1B_190701_WB4_LP3_4.2.JPG",4591.815015479877,0,5121.5895897832825,387.2387770897833,"brown"
"T1B_190701_WB4_LP3_4.2.JPG",73.09404024767802,1805.5824303405575,443.9821981424149,2317.8937693498456,"brown"
"T1B_190701_WB4_LP3_4.2.JPG",1600.3773219814243,3261.851780185759,1880.78076625387,3534.3459752321983,"brown"
"T1B_190701_WB4_LP3_4.2.JPG",5499.51625386997,2835.453753869969,5914.038312693499,3111.261609907121,"brown"
"T1B_190701_WB4_LP3_4.2.JPG",5633.90092879257,3448.1424148606816,5989.478521671827,3944.0305727554187,"brown"
"T1B_190701_WB4_LP3_4.2.JPG",241.0265092879257,2974.8452012383905,776.7511609907122,3507.352941176471,"brown"
"T1B_190701_WB4_LP3_4.2.JPG",1918.827399380805,3094.5965557275545,2290.731424148607,3541.3119195046443,"brown"
"T1B_190701_WB4_LP3_4.2.JPG",3692.0955882352946,2032.1933049535605,4118.348490712075,2616.340944272446,"brown"
"T1B_190701_WB4_LP3_4.2.JPG",14.222136222910217,1266.2538699690404,467.37132352941177,1794.7465170278638,"brown"
"T1B_190701_WB4_LP3_4.2.JPG",5329.9874226006195,344.66911764705884,5747.363583591332,630.4663312693499,"brown"
"T1B_190701_WB4_LP3_4.2.JPG",4368.614551083591,1779.266640866873,4884.6749226006195,2682.202979876161,"brown"
"T1B_190701_WB4_LP3_4.1.JPG",612.9305340557275,328.1491873065016,1020.8978328173375,584.5588235294118,"brown"
"T1B_190701_WB4_LP3_4.1.JPG",1272.1313854489165,320.86880804953563,1551.543150154799,762.9643962848297,"brown"
"T1B_190701_WB4_LP3_4.1.JPG",1676.7608359133128,456.9949690402477,2228.836106811146,749.3469427244582,"brown"
"T1B_190701_WB4_LP3_4.1.JPG",2400.372484520124,795.593072755418,2667.448722910217,1054.107004643963,"brown"
"T1B_190701_WB4_LP3_4.1.JPG",3110.076431888545,600.328947368421,3703.8989938080495,894.4465944272446,"brown"
"T1B_190701_WB4_LP3_4.1.JPG",3850.4982585139323,350.0386996904025,4136.150348297214,626.8140479876162,"brown"
"T1B_190701_WB4_LP3_4.1.JPG",2768.092105263158,956.4144736842106,3279.048955108359,1617.5019349845202,"brown"
"T1B_190701_WB4_LP3_4.1.JPG",3318.982198142415,1561.435758513932,3724.4582043343657,1909.3701625386998,"brown"
"T1B_190701_WB4_LP3_4.1.JPG",3004.8616486068113,1757.49806501548,3384.795859133127,2040.1751160990714,"brown"
"T1B_190701_WB4_LP3_4.1.JPG",503.2169117647059,772.5183823529412,907.6286764705883,1044.3353328173375,"brown"
"T1B_190701_WB4_LP3_4.1.JPG",2023.074690402477,819.2724458204335,2300.527283281734,1043.295278637771,"brown"
"T1B_190701_WB4_LP3_4.1.JPG",1423.3020510835913,967.0327012383901,1808.0495356037152,1364.5510835913315,"brown"
"T1B_190701_WB4_LP3_4.1.JPG",1816.1522832817338,1058.871904024768,2321.013931888545,1437.1371904024768,"brown"
"T1B_190701_WB4_LP3_4.1.JPG",1370.8639705882354,1380.5388931888547,1785.4102167182664,1597.7892801857588,"brown"
"T1B_190701_WB4_LP3_4.1.JPG",149.01799535603718,1114.3575851393189,452.2058823529412,1378.1443498452013,"brown"
"T1B_190701_WB4_LP3_4.1.JPG",472.765092879257,1446.5702399380807,942.0472136222911,1924.9467879256968,"brown"
"T1B_190701_WB4_LP3_4.1.JPG",1033.3301083591332,1440.4750386996905,1374.3469427244584,1836.0342492260063,"tunicate"
"T1B_190701_WB4_LP3_4.1.JPG",1350.280572755418,1898.8486842105265,1615.6153250773996,2263.2062693498456,"tunicate"
"T1B_190701_WB4_LP3_4.1.JPG",131.8450077399381,1559.137964396285,400.5417956656347,1847.3055340557278,"corraline"
"T1B_190701_WB4_LP3_4.1.JPG",1621.154218266254,1891.0361842105265,1871.2751547987618,2546.3670665634677,"brown"
"T1B_190701_WB4_LP3_4.1.JPG",1786.934017027864,1428.6716331269351,2254.2811532507744,2044.3353328173375,"brown"
"T1B_190701_WB4_LP3_4.1.JPG",3026.4125386996907,2202.133320433437,3704.914860681115,2824.714589783282,"brown"
"T1B_190701_WB4_LP3_4.1.JPG",3707.2852167182664,2141.060371517028,4114.84133126935,2574.762964396285,"brown"
"T1B_190701_WB4_LP3_4.1.JPG",3696.787925696595,1190.7894736842106,4215.605650154799,1808.9444659442725,"brown"
"T1B_190701_WB4_LP3_4.1.JPG",4198.674535603715,1184.6700851393189,4533.765479876161,1831.753095975232,"brown"
"T1B_190701_WB4_LP3_4.1.JPG",4356.980456656347,0,4941.39415634675,309.64589783281735,"brown"
"T1B_190701_WB4_LP3_4.1.JPG",2.297794117647059,2154.0731424148607,399.96130030959756,2447.9731037151705,"brown"
"T1B_190701_WB4_LP3_4.1.JPG",340.07352941176475,2316.9746517027866,824.9322755417958,2645.994582043344,"brown"
"T1B_190701_WB4_LP3_4.1.JPG",794.3837074303406,2295.859133126935,1373.137577399381,2974.9177631578946,"brown"
"T1B_190701_WB4_LP3_4.1.JPG",1408.9106037151703,2629.6197755417957,1802.123645510836,2941.587654798762,"brown"
"T1B_190701_WB4_LP3_4.1.JPG",1646.2122678018577,2666.698916408669,2266.6650541795666,3105.432469040248,"brown"
"T1B_190701_WB4_LP3_4.1.JPG",2400.251547987616,2529.605263157895,2767.1004256965944,2737.059791021672,"brown"
"T1B_190701_WB4_LP3_4.1.JPG",2227.433243034056,2388.0369582043345,2603.981230650155,2969.983552631579,"brown"
"T1B_190701_WB4_LP3_4.1.JPG",4527.50096749226,2959.075077399381,4964.323722910217,3345.588235294118,"brown"
"T1B_190701_WB4_LP3_4.1.JPG",3555.074496904025,3068.9096362229106,4073.8922213622295,3439.3624226006195,"brown"
"T1B_190701_WB4_LP3_4.1.JPG",4764.246323529412,2100.353134674923,5328.125,2448.4568498452013,"brown"
"T1B_190701_WB4_LP3_4.1.JPG",4817.216524767802,1687.0162538699692,5341.40383126935,2067.1439628482976,"brown"
"T1B_190701_WB4_LP3_4.1.JPG",5682.541602167183,1793.3920278637772,6000,2297.479682662539,"brown"
"T1B_190701_WB4_LP3_4.1.JPG",4015.6733746130035,2355.093846749226,4383.054373065016,2737.1807275541796,"brown"
"T1B_190701_WB4_LP3_4.1.JPG",4222.81346749226,2170.7865712074304,4615.107391640867,2629.9100232198143,"brown"
"T1B_190701_WB4_LP3_4.1.JPG",1357.077205882353,3196.6911764705883,1723.3939628482972,3651.170665634675,"brown"
"T1B_190701_WB4_LP3_4.1.JPG",545.1335139318886,3062.5,944.5626934984521,3498.1617647058824,"brown"
"T1B_190701_WB4_LP3_4.1.JPG",1024.0905572755419,3661.0874613003098,1422.890866873065,3984.3991873065015,"brown"
"T1B_190701_WB4_LP3_4.1.JPG",5229.150541795666,2981.8353328173375,5672.866679566564,3514.1011996904026,"brown"
"T1B_190701_WB4_LP3_4.1.JPG",4678.042763157895,3497.8957043343657,4985.850425696594,3988.1724071207436,"brown"
"T1B_190701_WB4_LP3_4.1.JPG",4376.572174922601,3391.1087461300312,4680.46149380805,3712.7031733746135,"brown"
"T1B_190701_WB4_LP3_4.1.JPG",2342.855069659443,3561.508320433437,2728.3281733746135,4000.0000000000005,"brown"
"T1B_190701_WB4_LP3_4.1.JPG",4845.733359133127,400.32410990712077,5490.034829721362,731.3032120743035,"brown"
"T1B_190701_WB4_LP3_4.1.JPG",4725.522445820435,715.7749613003098,5073.819659442725,1195.046439628483,"brown"
"T1B_190701_WB4_LP3_4.1.JPG",4837.558049535604,1236.4309210526317,5578.004063467493,1499.8065015479879,"brown"
"T1B_190701_WB4_LP3_4.5.JPG",1682.589976780186,310.6617647058824,1975.3047600619198,502.8057275541796,"corraline"
"T1B_190701_WB4_LP3_4.5.JPG",1324.37596749226,1051.0835913312694,1546.8508126934985,1217.0085139318885,"corraline"
"T1B_190701_WB4_LP3_4.5.JPG",1405.8388157894738,1212.001741486068,1600.014512383901,1438.2981811145512,"corraline"
"T1B_190701_WB4_LP3_4.5.JPG",1028.3717105263158,1313.2256191950464,1300.6240325077401,1521.139705882353,"corraline"
"T1B_190701_WB4_LP3_4.5.JPG",2753.7248452012386,2045.6898219814243,3075.2950851393193,2306.4773606811145,"corraline"
"T1B_190701_WB4_LP3_4.5.JPG",3692.6277089783284,1125.4595588235295,4030.3792569659445,1434.3072755417957,"corraline"
"T1B_190701_WB4_LP3_4.5.JPG",3540.731424148607,1552.65576625387,3780.30669504644,1747.1217105263158,"corraline"
"T1B_190701_WB4_LP3_4.5.JPG",4356.448335913313,1819.1515092879258,4618.90479876161,2014.9477554179568,"corraline"
"T1B_190701_WB4_LP3_4.5.JPG",504.3537151702787,116.60700464396285,774.0421826625388,352.9895510835913,"tunicate"
"T1B_190701_WB4_LP3_4.5.JPG",0.8223684210526316,388.327205882353,185.44407894736844,601.5383126934985,"tunicate"
"T1B_190701_WB4_LP3_4.5.JPG",0.8223684210526316,388.327205882353,185.44407894736844,601.5383126934985,"corraline"
"T1B_190701_WB4_LP3_4.5.JPG",4501.499613003096,565.233165634675,4698.094040247678,839.5414086687307,"corraline"
"T1B_190701_WB4_LP3_4.5.JPG",5537.877321981425,1051.0352167182664,5724.482391640868,1268.8902863777091,"corraline"
"T1B_190701_WB4_LP3_4.5.JPG",5363.051470588236,558.7993421052632,5828.125000000001,979.3682275541796,"corraline"
"T1B_190701_WB4_LP3_4.5.JPG",4596.265479876161,0,4800.841718266254,109.54431114551085,"corraline"
"T1B_190701_WB4_LP3_4.5.JPG",4799.608165634675,0,5093.096942724458,123.23432662538701,"corraline"
"T1B_190701_WB4_LP3_4.5.JPG",5465.46052631579,1883.949303405573,5677.946013931889,2098.7567724458204,"tunicate"
"T1B_190701_WB4_LP3_4.5.JPG",3062.5483746130035,2480.5775928792573,3340.14609133127,2699.5936532507744,"tunicate"
"T1B_190701_WB4_LP3_4.5.JPG",3684.0170278637775,3219.306308049536,3849.917763157895,3399.1631191950464,"tunicate"
"T1B_190701_WB4_LP3_4.5.JPG",128.45878482972137,3338.9851006191952,457.35777863777093,3591.839202786378,"corraline"
"T1B_190701_WB4_LP3_4.5.JPG",5857.778637770898,3087.3887383900933,6000,3234.3266253869974,"tunicate"
"T1B_190701_WB4_LP3_4.5.JPG",1614.1157120743035,1213.3320433436534,1739.6962074303406,1485.2699303405575,"tunicate"
"T1B_190701_WB4_LP3_4.5.JPG",1875.967492260062,662.4177631578948,2273.2681888544894,921.0042569659444,"brown"
"T1B_190701_WB4_LP3_4.5.JPG",2287.6838235294117,1003.216911764706,2608.4316950464395,1306.9611068111456,"brown"
"T1B_190701_WB4_LP3_4.5.JPG",2724.0712074303406,372.09752321981426,3132.5222523219813,894.107972136223,"brown"
"T1B_190701_WB4_LP3_4.5.JPG",3201.915634674923,858.5042569659444,3565.8620356037154,1209.558823529412,"brown"
"T1B_190701_WB4_LP3_4.5.JPG",2744.6787925696594,1269.8335913312694,3202.8831269349844,1769.7852167182664,"brown"
"T1B_190701_WB4_LP3_4.5.JPG",2761.4405959752326,1655.9597523219816,3254.910023219815,1981.3032120743037,"brown"
"T1B_190701_WB4_LP3_4.5.JPG",1897.9053792569662,1872.436145510836,2476.683436532508,2183.9444659442725,"brown"
"T1B_190701_WB4_LP3_4.5.JPG",1296.2703173374614,1965.2912151702787,1789.9090557275542,2153.3475232198143,"brown"
"T1B_190701_WB4_LP3_4.5.JPG",1181.7434210526317,1743.5178018575853,1558.3639705882354,1935.637577399381,"brown"
"T1B_190701_WB4_LP3_4.5.JPG",1715.1460913312694,1100.6433823529412,2041.2393575851395,1599.047020123839,"brown"
"T1B_190701_WB4_LP3_4.5.JPG",603.5216718266254,497.3152089783282,887.4564628482972,845.0077399380805,"brown"
"T1B_190701_WB4_LP3_4.5.JPG",828.2217492260063,786.3535216718267,1054.421439628483,1187.3065015479876,"brown"
"T1B_190701_WB4_LP3_4.5.JPG",4215.073529411765,1031.7579334365325,4652.017221362229,1560.4924535603716,"brown"
"T1B_190701_WB4_LP3_4.5.JPG",3693.933823529412,1996.3960913312694,4024.163119195047,2215.025154798762,"brown"
"T1B_190701_WB4_LP3_4.5.JPG",4835.744001547988,1654.0489551083592,5146.429953560371,1985.439241486068,"brown"
"T1B_190701_WB4_LP3_4.5.JPG",4967.226199690403,350.3289473684211,5292.714783281734,832.3577786377709,"brown"
"T1B_190701_WB4_LP3_4.5.JPG",4328.874806501548,2690.837848297214,4607.319078947368,3240.2525154798764,"brown"
"T1B_190701_WB4_LP3_4.5.JPG",3954.9874226006195,2939.6042956656347,4204.0441176470595,3294.2869582043345,"brown"
"T1B_190701_WB4_LP3_4.5.JPG",2440.5717879256968,2178.3330108359137,2875.870743034056,2609.931308049536,"brown"
"T1B_190701_WB4_LP3_4.5.JPG",345.73335913312695,1428.453947368421,801.3496517027864,1995.7430340557275,"brown"
"T1B_190701_WB4_LP3_4.5.JPG",755.3212074303406,2477.0462461300312,1202.6412538699692,2869.21923374613,"brown"
"T1B_190701_WB4_LP3_4.5.JPG",1784.152476780186,2430.969427244582,2179.2521284829722,2851.272252321982,"brown"
"T1B_190701_WB4_LP3_4.5.JPG",2427.2687693498456,2687.2339396284833,2879.2569659442725,3393.188854489164,"brown"
"T1B_190701_WB4_LP3_4.5.JPG",2780.8388157894738,3209.1718266253874,3221.386416408669,3616.9214396284833,"brown"
"T1B_190701_WB4_LP3_4.5.JPG",5470.733359133127,2572.2716718266256,5784.176664086687,2959.1718266253874,"brown"
"T1B_190701_WB4_LP3_4.5.JPG",5352.916989164087,3094.2337461300312,5671.705688854489,3700.7546439628486,"brown"
"T1B_190701_WB4_LP3_4.5.JPG",4801.833397832817,3058.4607198142417,5148.4375,3362.616099071208,"brown"
"T1B_190701_WB4_LP3_4.5.JPG",4390.721749226006,3418.4404024767805,4694.320820433437,3747.702205882353,"brown"
"T1B_190701_WB4_LP3_4.5.JPG",4670.036764705883,3400.904605263158,4932.735100619196,3724.1679566563466,"brown"
"T1B_190701_WB4_LP3_4.5.JPG",3629.934210526316,3356.0855263157896,3999.1776315789475,3748.1617647058824,"brown"
"T1B_190701_WB4_LP3_4.5.JPG",1793.779024767802,3081.293537151703,2262.262964396285,3602.215557275542,"brown"
"T1B_190701_WB4_LP3_4.5.JPG",1053.6474458204334,2798.713235294118,1452.8105650154798,3168.150154798762,"brown"
"T1B_190701_WB4_LP3_4.5.JPG",1146.40576625387,3318.764512383901,1546.56056501548,3604.2714783281735,"brown"
"T1B_190701_WB4_LP3_4.5.JPG",1620.0174148606811,3619.67879256966,2253.676470588235,3869.461106811146,"brown"
"T1B_190701_WB4_LP3_4.5.JPG",4744.412732198143,1076.6979489164087,5130.224458204335,1516.640866873065,"brown"
"T1B_190701_WB4_LP3_4.5.JPG",3523.2198142414863,324.8355263157895,4207.768962848298,864.139899380805,"brown"
"T1B_190701_WB4_LP3_4.5.JPG",518.6484133126935,3389.730069659443,757.8608746130031,3768.914473684211,"brown"
"T1B_190701_WB4_LP3_4.5.JPG",2455.954914860681,0,2922.479682662539,398.3649380804954,"brown"
"T1B_190701_WB4_LP3_4.5.JPG",3604.6826625387,9.094427244582043,4039.5946207430343,363.58359133126936,"brown"
"T1B_190701_WB4_LP3_4.5.JPG",4330.132546439629,235.7778637770898,4576.020704334365,478.9812306501548,"brown"
"T1B_190701_WB4_LP3_4.5.JPG",3255.4421439628486,2672.3345588235297,3619.67879256966,3339.493034055728,"brown"
"T1B_190701_WB4_LP3_4.5.JPG",253.19272445820434,1915.9491099071208,558.0495356037152,2408.6929179566564,"brown"
"T1B_190701_WB4_LP3_4.5.JPG",106.78695820433437,2428.139512383901,589.9042182662539,2950.996517027864,"brown"
"T1B_190701_WB4_LP3_4.6.JPG",2273.0021284829722,929.7600619195047,2642.9711687306503,1457.575464396285,"brown"
"T1B_190701_WB4_LP3_4.6.JPG",2149.5984907120746,188.51586687306502,2454.4311145510837,647.4458204334366,"brown"
"T1B_190701_WB4_LP3_4.6.JPG",1703.826431888545,110.7294891640867,2010.8842879256968,634.9167956656347,"brown"
"T1B_190701_WB4_LP3_4.6.JPG",553.9860681114551,712.8241099071208,935.8310758513933,1166.7231037151705,"brown"
"T1B_190701_WB4_LP3_4.6.JPG",1775.6143575851395,1531.0323142414861,2100.15963622291,1806.7917956656347,"brown"
"T1B_190701_WB4_LP3_4.6.JPG",2546.9233746130035,1593.3871904024768,2974.772639318886,1929.6633126934985,"brown"
"T1B_190701_WB4_LP3_4.6.JPG",2903.2265866873067,2089.517221362229,3446.7395510835913,2485.9955495356035,"brown"
"T1B_190701_WB4_LP3_4.6.JPG",3194.7078173374616,1826.4077012383902,3456.777283281734,2156.008126934985,"brown"
"T1B_190701_WB4_LP3_4.6.JPG",3388.3513931888547,1615.9781346749228,3833.736455108359,2088.5981037151705,"brown"
"T1B_190701_WB4_LP3_4.6.JPG",3922.9876160990716,1418.7548374613004,4283.378482972136,1767.6325464396286,"brown"
"T1B_190701_WB4_LP3_4.6.JPG",4246.734713622292,1747.7989551083592,4805.413119195047,2048.9792956656347,"brown"
"T1B_190701_WB4_LP3_4.6.JPG",4450.851393188855,870.3802244582045,4641.568304953561,1092.7583204334367,"brown"
"T1B_190701_WB4_LP3_4.6.JPG",3296.8508126934985,964.4930340557277,3745.5979102167184,1389.7058823529414,"brown"
"T1B_190701_WB4_LP3_4.6.JPG",3014.8510061919505,648.4133126934985,3519.954527863777,1114.2366486068113,"brown"
"T1B_190701_WB4_LP3_4.6.JPG",3400.6385448916412,206.46284829721364,3813.9028637770903,566.1280959752322,"brown"
"T1B_190701_WB4_LP3_4.6.JPG",3013.569078947369,123.66969814241487,3384.5297987616104,699.1099071207431,"brown"
"T1B_190701_WB4_LP3_4.6.JPG",2328.028250773994,1875.0725619195048,2662.9740712074304,2465.557275541796,"brown"
"T1B_190701_WB4_LP3_4.6.JPG",1482.6335139318887,2310.4682662538703,2175.3821594427245,2748.6938854489167,"brown"
"T1B_190701_WB4_LP3_4.6.JPG",171.89918730650157,2695.481811145511,581.5354102167183,3337.5822368421054,"brown"
"T1B_190701_WB4_LP3_4.6.JPG",1857.4158281733748,2882.6431888544894,2391.1571207430343,3256.5063854489167,"brown"
"T1B_190701_WB4_LP3_4.6.JPG",2371.2509674922603,2777.5977167182664,2742.574496904025,3159.466911764706,"brown"
"T1B_190701_WB4_LP3_4.6.JPG",2544.6981424148607,3189.628482972136,2949.762964396285,3857.8028250773996,"brown"
"T1B_190701_WB4_LP3_4.6.JPG",1985.2215557275542,3466.5973297213623,2402.113970588235,3716.186145510836,"brown"
"T1B_190701_WB4_LP3_4.6.JPG",967.202012383901,3790.2234907120746,1399.453366873065,3982.5609520123844,"brown"
"T1B_190701_WB4_LP3_4.6.JPG",3435.5650154798764,3092.5164473684213,3899.7919891640868,3556.670859133127,"corraline"
"T1B_190701_WB4_LP3_4.6.JPG",3768.5032894736846,2348.7567724458204,4190.692724458205,2879.8132739938083,"brown"
"T1B_190701_WB4_LP3_4.6.JPG",186.65344427244582,1471.9185371517028,491.89725232198145,2027.452592879257,"brown"
"T1B_190701_WB4_LP3_4.6.JPG",80.30185758513933,778.5893962848298,453.68130804953563,1159.7571594427245,"brown"
"T1B_190701_WB4_LP3_4.6.JPG",5671.681501547988,820.0948142414861,6000,1267.922794117647,"brown"
"T1B_190701_WB4_LP3_4.6.JPG",4938.806114551084,1477.3364938080497,5414.812306501548,1838.5981037151705,"brown"
"T1B_190701_WB4_LP3_4.6.JPG",5387.045278637771,2439.7977941176473,5754.111842105263,2748.6455108359137,"brown"
"T1B_190701_WB4_LP3_4.6.JPG",5164.594620743034,3000.556308049536,5722.281346749226,3465.0009674922603,"brown"
"T1B_190701_WB4_LP3_4.6.JPG",4727.118808049536,3196.449303405573,5131.845007739938,3709.8732585139323,"brown"
"T1B_190701_WB4_LP3_4.6.JPG",4139.851006191951,3432.106230650155,4526.267414860681,3967.6615712074304,"brown"
"T1B_190701_WB4_LP3_4.6.JPG",3895.8978328173375,3520.341524767802,4109.520123839009,3961.3486842105267,"brown"
"T1B_190701_WB4_LP3_4.6.JPG",4286.426083591332,418.10178018575857,4733.6977554179575,850.5224458204335,"brown"
"T1B_190701_WB4_LP3_4.6.JPG",4564.410797213623,103.66679566563468,4970.636609907121,435.2505804953561,"brown"
"T1B_190701_WB4_LP3_4.6.JPG",3738.0998452012386,794.1902089783282,4176.083591331269,1281.5886222910217,"brown"
"T1B_190701_WB4_LP3_4.6.JPG",3870.1141640866877,27.621904024767804,4285.482778637771,302.3655185758514,"brown"
"T1B_190701_WB4_LP3_4.6.JPG",5453.125,1618.2759287925699,5688.806114551084,2058.823529411765,"brown"
"T1B_190701_WB4_LP3_4.6.JPG",4888.593266253871,1818.716137770898,5205.592105263158,2202.447755417957,"brown"
"T1B_190701_WB4_LP3_4.6.JPG",0,1991.5102554179568,416.79566563467495,2329.6246130030963,"brown"
"T1B_190701_WB4_LP3_4.6.JPG",4958.083397832817,3787.1758900928794,5422.358746130031,4000,"brown"
"T1B_190701_WB4_LP3_4.6.JPG",5656.177438080495,3689.0479876160994,5992.018188854489,3962.171052631579,"brown"
"T1B_190701_WB4_LP3_4.6.JPG",493.687113003096,177.02689628482975,787.9740712074304,315.1606037151703,"brown"